URL,Node Count
http://113.15.126.63:5005/config.yaml,1
http://119.125.135.69:8000/config.yaml,0
http://119.125.135.69:8000/clash_proxies.yaml,0
http://119.125.135.69:8000/all.yaml,0
http://119.125.135.69:8000/mihomo.yaml,0
http://121.46.248.155:8080/config.yaml,0
http://14.103.171.30:9999/config.yaml,46
http://175.178.84.248:8080/config.yaml,0
http://188.254.254.132/config.yaml,0
http://193.233.113.5/config.yaml,0
http://2.59.161.9/config.yaml,0
http://47.101.178.54/config.yaml,0
http://5.102.124.76:8080/config.yaml,2
http://5.102.124.78:8080/config.yaml,2
http://77.110.112.112/config.yaml,0
http://8.134.177.27/config.yaml,0
http://84.33.244.7:8080/config.yaml,1
http://89.221.203.57/config.yaml,0
http://89.47.198.238:4567/config.yaml,0
http://cdn.openttd.org/config.yaml,0
http://cdn-preview.openttd.org/config.yaml,0
http://cdn.m.hustoj.com:8090/config.yaml,0
