Source_URL,Nodes_Found,Status
http://nontontv.vidio.com.isidomain.web.id,266410,成功 (内容已更新，已刷新缓存 via Playwright)
http://a.isidomain.web.id,266410,成功 (内容已更新，已刷新缓存 via Playwright)
http://isidomain.web.id,266410,成功 (内容已更新，已刷新缓存 via Playwright)
http://com.isidomain.web.id,266410,成功 (内容已更新，已刷新缓存 via Playwright)
http://zwemschoolsia.nl,169088,成功 (内容已更新，已刷新缓存 via Playwright)
http://proxy.alibadiee.ir,68224,成功 (内容已更新，已刷新缓存 via Playwright)
http://httpupgrade.hellboy.eu.org,18001,成功 (内容已更新，已刷新缓存 via Playwright)
http://zoomgov.vipren.biz.id,10114,成功 (内容已更新，已刷新缓存 via Playwright)
http://a5.dyxli21.ddns-ip.net,2140,成功 (内容已更新，已刷新缓存 via Playwright)
http://vless.cyantiknya.my.id,1707,成功 (内容已更新，已刷新缓存 via Playwright)
http://investors.fb.com.wilcard.cyantiknya.my.id,1707,成功 (内容已更新，已刷新缓存 via Playwright)
http://zaintest.vuclip.comwilcard.cyantiknya.my.id,1707,成功 (内容已更新，已刷新缓存 via Playwright)
http://support.zoom.us.wilcard.cyantiknya.my.id,1707,成功 (内容已更新，已刷新缓存 via Playwright)
http://bakrie.ac.id.wilcard.cyantiknya.my.id,1707,成功 (内容已更新，已刷新缓存 via Playwright)
http://unlimited.spauu.web.id,1208,成功 (内容已更新，已刷新缓存 via Playwright)
http://zaintest.vuclip.com.unlimited.spauu.web.id,1208,成功 (内容已更新，已刷新缓存 via Playwright)
http://cache.netflix.com.unlimited.spauu.web.id,1208,成功 (内容已更新，已刷新缓存 via Playwright)
http://akun.komintod.my.id,933,成功 (内容已更新，已刷新缓存 via Playwright)
http://sezar.hossein.om.to,825,成功 (内容已更新，已刷新缓存 via Playwright)
http://ava.game.naver.com.servpn.my.id,812,成功 (内容已更新，已刷新缓存 via Playwright)
http://bakrie.ac.id.servpn.my.id,812,成功 (内容已更新，已刷新缓存 via Playwright)
http://servpn.my.id,812,成功 (内容已更新，已刷新缓存 via Playwright)
http://app-stg.gopay.co.id.servpn.my.id,812,成功 (内容已更新，已刷新缓存 via Playwright)
http://blog.ruangguru.com.servpn.my.id,812,成功 (内容已更新，已刷新缓存 via Playwright)
http://vip.arivganteng.biz.id,761,成功 (内容已更新，已刷新缓存 via Playwright)
http://gaofumei.net,714,成功 (内容已更新，已刷新缓存 via Playwright)
http://nrcs.xyz,541,成功 (内容已更新，已刷新缓存 via Playwright)
http://ava.game.naver.com.sg1.hinamori.xyz,444,成功 (内容已更新，已刷新缓存 via Playwright)
http://ivanbayan.com,429,成功 (内容已更新，已刷新缓存 via Playwright)
http://proxy.sadragoli.ir,392,成功 (内容已更新，已刷新缓存 via Playwright)
http://cf.vless.sandesh.fr,321,成功 (内容已更新，已刷新缓存 via Playwright)
http://17.kclx.eu.org,267,成功 (内容已更新，已刷新缓存 via Playwright)
http://kclx.eu.org,267,成功 (内容已更新，已刷新缓存 via Playwright)
http://liedown.win,265,成功 (内容已更新，已刷新缓存 via Playwright)
http://pvt.moonop.tech,261,成功 (内容已更新，已刷新缓存 via Playwright)
http://drnajdi.com,252,成功 (内容已更新，已刷新缓存 via Playwright)
http://cache.netflix.com.spauu.web.id,232,成功 (内容已更新，已刷新缓存 via Playwright)
http://investors.spotify.com.freevpn.ndeso.xyz,216,成功 (内容已更新，已刷新缓存 via Playwright)
http://investors.spotify.com.freevpn.turah.my.id,216,成功 (内容已更新，已刷新缓存 via Playwright)
http://investors.spotify.com.freevpn.xhamster.biz.id,216,成功 (内容已更新，已刷新缓存 via Playwright)
http://investors.spotify.com.freevpn.najah.biz.id,216,成功 (内容已更新，已刷新缓存 via Playwright)
http://investors.spotify.com.freexxx.ndeso.xyz,216,成功 (内容已更新，已刷新缓存 via Playwright)
http://investors.spotify.com.freevpn.ndeso.web.id,216,成功 (内容已更新，已刷新缓存 via Playwright)
http://investors.spotify.com.freexxx.turah.my.id,216,成功 (内容已更新，已刷新缓存 via Playwright)
http://quiz.int.vidio.com.freexxx.ndeso.xyz,215,成功 (内容已更新，已刷新缓存 via Playwright)
http://ava.game.naver.com.freevpn.xhamster.biz.id,215,成功 (内容已更新，已刷新缓存 via Playwright)
http://blog.webex.com.freexxx.cloudproxyip.my.id,215,成功 (内容已更新，已刷新缓存 via Playwright)
http://web.ndeso.xyz,215,成功 (内容已更新，已刷新缓存 via Playwright)
http://support.zoom.us.freevpn.ndeso.xyz,215,成功 (内容已更新，已刷新缓存 via Playwright)
http://io.ruangguru.com.freevpn.turah.my.id,215,成功 (内容已更新，已刷新缓存 via Playwright)
http://api.midtrans.com.freevpn.ndeso.web.id,215,成功 (内容已更新，已刷新缓存 via Playwright)
http://cache.netflix.com.freexxx.cloudproxyip.my.id,215,成功 (内容已更新，已刷新缓存 via Playwright)
http://quiz.int.vidio.com.freevpn.najah.biz.id,215,成功 (内容已更新，已刷新缓存 via Playwright)
http://investor.fb.com.freevpn.najah.biz.id,215,成功 (内容已更新，已刷新缓存 via Playwright)
http://blog.webex.com.freexxx.ndeso.web.id,215,成功 (内容已更新，已刷新缓存 via Playwright)
http://ads.ruangguru.com.web.ndeso.xyz,215,成功 (内容已更新，已刷新缓存 via Playwright)
http://io.ruangguru.com.freexxx.turah.my.id,215,成功 (内容已更新，已刷新缓存 via Playwright)
http://freevpn.turah.my.id,215,成功 (内容已更新，已刷新缓存 via Playwright)
http://io.ruangguru.com.freexxx.ndeso.xyz,215,成功 (内容已更新，已刷新缓存 via Playwright)
http://investor.fb.com.freevpn.turah.my.id,215,成功 (内容已更新，已刷新缓存 via Playwright)
http://investor.fb.com.web.ndeso.xyz,215,成功 (内容已更新，已刷新缓存 via Playwright)
http://investor.fb.com.freexxx.cloudproxyip.my.id,215,成功 (内容已更新，已刷新缓存 via Playwright)
http://blog.webex.com.freevpn.ndeso.web.id,215,成功 (内容已更新，已刷新缓存 via Playwright)
http://support.zoom.us.freevpn.xhamster.biz.id,215,成功 (内容已更新，已刷新缓存 via Playwright)
http://freexxx.ndeso.web.id,215,成功 (内容已更新，已刷新缓存 via Playwright)
http://api.midtrans.com.freevpn.ndeso.xyz,215,成功 (内容已更新，已刷新缓存 via Playwright)
http://zaintest.vuclip.com.freevpn.najah.biz.id,215,成功 (内容已更新，已刷新缓存 via Playwright)
http://quiz.int.vidio.com.freevpn.xhamster.biz.id,215,成功 (内容已更新，已刷新缓存 via Playwright)
http://investor.fb.com.freexxx.ndeso.xyz,215,成功 (内容已更新，已刷新缓存 via Playwright)
http://blog.webex.com.web.ndeso.xyz,215,成功 (内容已更新，已刷新缓存 via Playwright)
http://api.midtrans.com.freexxx.ndeso.xyz,215,成功 (内容已更新，已刷新缓存 via Playwright)
http://live.iflix.com.freexxx.xhamster.biz.id,215,成功 (内容已更新，已刷新缓存 via Playwright)
http://zaintest.vuclip.com.freevpn.ndeso.xyz,215,成功 (内容已更新，已刷新缓存 via Playwright)
http://api.midtrans.com.freevpn.cloudproxyip.my.id,215,成功 (内容已更新，已刷新缓存 via Playwright)
http://api.midtrans.com.freexxx.turah.my.id,215,成功 (内容已更新，已刷新缓存 via Playwright)
http://blog.webex.com.freevpn.najah.biz.id,215,成功 (内容已更新，已刷新缓存 via Playwright)
http://freexxx.najah.biz.id,215,成功 (内容已更新，已刷新缓存 via Playwright)
http://ads.ruangguru.com.freevpn.ndeso.xyz,215,成功 (内容已更新，已刷新缓存 via Playwright)
http://live.iflix.com.freexxx.ndeso.xyz,215,成功 (内容已更新，已刷新缓存 via Playwright)
http://investor.fb.com.freexxx.xhamster.biz.id,215,成功 (内容已更新，已刷新缓存 via Playwright)
http://freexxx.cloudproxyip.my.id,215,成功 (内容已更新，已刷新缓存 via Playwright)
http://ads.ruangguru.com.freevpn.xhamster.biz.id,215,成功 (内容已更新，已刷新缓存 via Playwright)
http://freexxx.xhamster.biz.id,215,成功 (内容已更新，已刷新缓存 via Playwright)
http://cache.netflix.com.freexxx.turah.my.id,215,成功 (内容已更新，已刷新缓存 via Playwright)
http://cache.netflix.com.web.ndeso.xyz,215,成功 (内容已更新，已刷新缓存 via Playwright)
http://support.zoom.us.freexxx.xhamster.biz.id,215,成功 (内容已更新，已刷新缓存 via Playwright)
http://cache.netflix.com.freevpn.xhamster.biz.id,215,成功 (内容已更新，已刷新缓存 via Playwright)
http://cache.netflix.com.freevpn.turah.my.id,215,成功 (内容已更新，已刷新缓存 via Playwright)
http://ads.ruangguru.com.freexxx.turah.my.id,215,成功 (内容已更新，已刷新缓存 via Playwright)
http://freevpn.xhamster.biz.id,215,成功 (内容已更新，已刷新缓存 via Playwright)
http://io.ruangguru.com.freexxx.najah.biz.id,215,成功 (内容已更新，已刷新缓存 via Playwright)
http://investor.fb.com.freevpn.ndeso.xyz,215,成功 (内容已更新，已刷新缓存 via Playwright)
http://api.midtrans.com.freexxx.xhamster.biz.id,215,成功 (内容已更新，已刷新缓存 via Playwright)
http://ads.ruangguru.com.freevpn.turah.my.id,215,成功 (内容已更新，已刷新缓存 via Playwright)
http://quiz.int.vidio.com.freexxx.turah.my.id,215,成功 (内容已更新，已刷新缓存 via Playwright)
http://zaintest.vuclip.com.freevpn.xhamster.biz.id,215,成功 (内容已更新，已刷新缓存 via Playwright)
http://io.ruangguru.com.web.ndeso.xyz,215,成功 (内容已更新，已刷新缓存 via Playwright)
http://investor.fb.com.freevpn.xhamster.biz.id,215,成功 (内容已更新，已刷新缓存 via Playwright)
http://cache.netflix.com.freevpn.cloudproxyip.my.id,215,成功 (内容已更新，已刷新缓存 via Playwright)
http://live.iflix.com.freevpn.xhamster.biz.id,215,成功 (内容已更新，已刷新缓存 via Playwright)
http://api.midtrans.com.freexxx.ndeso.web.id,215,成功 (内容已更新，已刷新缓存 via Playwright)
http://ads.ruangguru.com.freexxx.xhamster.biz.id,215,成功 (内容已更新，已刷新缓存 via Playwright)
http://io.ruangguru.com.freevpn.ndeso.web.id,215,成功 (内容已更新，已刷新缓存 via Playwright)
http://investor.fb.com.freexxx.ndeso.web.id,215,成功 (内容已更新，已刷新缓存 via Playwright)
http://ads.ruangguru.com.freexxx.najah.biz.id,215,成功 (内容已更新，已刷新缓存 via Playwright)
http://freevpn.ndeso.web.id,215,成功 (内容已更新，已刷新缓存 via Playwright)
http://cache.netflix.com.freexxx.xhamster.biz.id,215,成功 (内容已更新，已刷新缓存 via Playwright)
http://zaintest.vuclip.com.freevpn.ndeso.web.id,215,成功 (内容已更新，已刷新缓存 via Playwright)
http://ads.ruangguru.com.freexxx.ndeso.xyz,215,成功 (内容已更新，已刷新缓存 via Playwright)
http://support.zoom.us.freexxx.turah.my.id,215,成功 (内容已更新，已刷新缓存 via Playwright)
http://cache.netflix.com.freevpn.najah.biz.id,215,成功 (内容已更新，已刷新缓存 via Playwright)
http://live.iflix.com.freevpn.turah.my.id,215,成功 (内容已更新，已刷新缓存 via Playwright)
http://ava.game.naver.com.freevpn.ndeso.xyz,215,成功 (内容已更新，已刷新缓存 via Playwright)
http://ava.game.naver.com.freevpn.najah.biz.id,215,成功 (内容已更新，已刷新缓存 via Playwright)
http://io.ruangguru.com.freevpn.najah.biz.id,215,成功 (内容已更新，已刷新缓存 via Playwright)
http://freevpn.cloudproxyip.my.id,215,成功 (内容已更新，已刷新缓存 via Playwright)
http://freevpn.ndeso.xyz,215,成功 (内容已更新，已刷新缓存 via Playwright)
http://ava.game.naver.com.freevpn.ndeso.web.id,211,成功 (内容已更新，已刷新缓存 via HTTP 回退)
http://freexxx.ndeso.xyz,211,成功 (内容已更新，已刷新缓存 via HTTP 回退)
http://zaintest.vuclip.com.web.ndeso.xyz,211,成功 (内容已更新，已刷新缓存 via HTTP 回退)
http://ads.ruangguru.com.freevpn.cloudproxyip.my.id,211,成功 (内容已更新，已刷新缓存 via HTTP 回退)
http://live.iflix.com.freevpn.ndeso.web.id,211,成功 (内容已更新，已刷新缓存 via HTTP 回退)
http://freexxx.turah.my.id,211,成功 (内容已更新，已刷新缓存 via HTTP 回退)
http://live.iflix.com.freevpn.cloudproxyip.my.id,211,成功 (内容已更新，已刷新缓存 via HTTP 回退)
http://quiz.int.vidio.com.freexxx.xhamster.biz.id,211,成功 (内容已更新，已刷新缓存 via HTTP 回退)
http://mf.wlcf.lol,204,成功 (内容已更新，已刷新缓存 via Playwright)
http://mylife.spauu.web.id,202,成功 (内容已更新，已刷新缓存 via Playwright)
http://blog.webex.com.joss.checker-ip.web.id,201,成功 (内容已更新，已刷新缓存 via Playwright)
http://io.ruangguru.com.joss.checker-ip.web.id,201,成功 (内容已更新，已刷新缓存 via Playwright)
http://data.mt.joss.checker-ip.web.id,201,成功 (内容已更新，已刷新缓存 via Playwright)
http://img.email2.vidio.com.joss.checker-ip.web.id,201,成功 (内容已更新，已刷新缓存 via Playwright)
http://quiz.vidio.com.joss.checker-ip.web.id,201,成功 (内容已更新，已刷新缓存 via Playwright)
http://zaintest.vuclip.com.joss.checker-ip.web.id,201,成功 (内容已更新，已刷新缓存 via Playwright)
http://img.email1.vidio.com.joss.checker-ip.web.id,201,成功 (内容已更新，已刷新缓存 via Playwright)
http://ava.game.naver.com.joss.checker-ip.web.id,201,成功 (内容已更新，已刷新缓存 via Playwright)
http://live.iflix.com.joss.checker-ip.web.id,201,成功 (内容已更新，已刷新缓存 via Playwright)
http://quiz.int.vidio.com.joss.checker-ip.web.id,201,成功 (内容已更新，已刷新缓存 via Playwright)
http://img.email3.vidio.com.joss.checker-ip.web.id,201,成功 (内容已更新，已刷新缓存 via Playwright)
http://ads.ruangguru.com.joss.checker-ip.web.id,201,成功 (内容已更新，已刷新缓存 via Playwright)
http://api.midtrans.com.joss.checker-ip.web.id,201,成功 (内容已更新，已刷新缓存 via Playwright)
http://creativeservices.netflix.com.joss.checker-ip.web.id,201,成功 (内容已更新，已刷新缓存 via Playwright)
http://support.zoom.us.joss.checker-ip.web.id,201,成功 (内容已更新，已刷新缓存 via Playwright)
http://mssdk24-normal-useast2a.tiktokv.com.joss.checker-ip.web.id,201,成功 (内容已更新，已刷新缓存 via Playwright)
http://joss.checker-ip.web.id,201,成功 (内容已更新，已刷新缓存 via Playwright)
http://beta.zoom.us.joss.checker-ip.web.id,201,成功 (内容已更新，已刷新缓存 via Playwright)
http://cache.netflix.com.joss.checker-ip.web.id,201,成功 (内容已更新，已刷新缓存 via Playwright)
http://df.game.naver.com.joss.checker-ip.web.id,201,成功 (内容已更新，已刷新缓存 via Playwright)
http://daohang.guangyuego.top,193,成功 (内容已更新，已刷新缓存 via Playwright)
http://v2ray-ym.laoyoutiao.link,192,成功 (内容已更新，已刷新缓存 via Playwright)
http://tunnel.triadz.web.id,190,成功 (内容已更新，已刷新缓存 via Playwright)
http://quiz.int.vidio.com.tunnel.triadz.web.id,190,成功 (内容已更新，已刷新缓存 via Playwright)
http://proxy.yudhy.net,190,成功 (内容已更新，已刷新缓存 via Playwright)
http://f.behnamf.com,187,成功 (内容已更新，已刷新缓存 via Playwright)
http://investors.spotify.com.cf.novantunnel.life,183,成功 (内容已更新，已刷新缓存 via Playwright)
http://support.zoom.us.cf.novantunnel.life,182,成功 (内容已更新，已刷新缓存 via Playwright)
http://ava.game.naver.com.cf.novantunnel.life,182,成功 (内容已更新，已刷新缓存 via Playwright)
http://zaintest.vuclip.com.cf.novantunnel.life,182,成功 (内容已更新，已刷新缓存 via Playwright)
http://api.midtrans.com.cf.novantunnel.life,182,成功 (内容已更新，已刷新缓存 via Playwright)
http://cache.netflix.com.cf.novantunnel.life,182,成功 (内容已更新，已刷新缓存 via Playwright)
http://serim.ari-andika2.site,175,成功 (内容已更新，已刷新缓存 via Playwright)
http://mindir.ari-andika2.site,175,成功 (内容已更新，已刷新缓存 via Playwright)
http://vpn.lucka.biz.id,174,成功 (内容已更新，已刷新缓存 via Playwright)
http://dedi.xl-unlimited.web.id,174,成功 (内容已更新，已刷新缓存 via Playwright)
http://support.zoom.us.lufeng.pw,167,成功 (内容已更新，已刷新缓存 via Playwright)
http://cache.netflix.com.lufeng.pw,167,成功 (内容已更新，已刷新缓存 via Playwright)
http://investors.spotify.com.lufeng.pw,167,成功 (内容已更新，已刷新缓存 via Playwright)
http://blog.webex.com.lufeng.pw,167,成功 (内容已更新，已刷新缓存 via Playwright)
http://zaintest.vuclip.com.lufeng.pw,167,成功 (内容已更新，已刷新缓存 via Playwright)
http://svr.lufeng.pw,167,成功 (内容已更新，已刷新缓存 via Playwright)
http://lufeng.pw,167,成功 (内容已更新，已刷新缓存 via Playwright)
http://cache.netflix.com.zee.upigg.my.id,163,成功 (内容已更新，已刷新缓存 via Playwright)
http://quiz.int.vidio.com.zee.upigg.my.id,163,成功 (内容已更新，已刷新缓存 via Playwright)
http://zee.upigg.my.id,163,成功 (内容已更新，已刷新缓存 via Playwright)
http://support.zoom.us.zee.upigg.my.id,163,成功 (内容已更新，已刷新缓存 via Playwright)
http://investors.spotify.com.zee.upigg.my.id,163,成功 (内容已更新，已刷新缓存 via Playwright)
http://live.iflix.com.zee.upigg.my.id,163,成功 (内容已更新，已刷新缓存 via Playwright)
http://zaintest.vuclip.com.zee.upigg.my.id,163,成功 (内容已更新，已刷新缓存 via Playwright)
http://ava.game.naver.com.zee.upigg.my.id,163,成功 (内容已更新，已刷新缓存 via Playwright)
http://nonni.cn,149,成功 (内容已更新，已刷新缓存 via Playwright)
http://edu.ruangguru.com.yaya.web.id,141,成功 (内容已更新，已刷新缓存 via Playwright)
http://quiz.int.vidio.com.yaya.web.id,141,成功 (内容已更新，已刷新缓存 via Playwright)
http://blog.webex.com.yaya.web.id,141,成功 (内容已更新，已刷新缓存 via Playwright)
http://yaya.web.id,141,成功 (内容已更新，已刷新缓存 via Playwright)
http://zaintest.vuclip.com.yaya.web.id,141,成功 (内容已更新，已刷新缓存 via Playwright)
http://ava.game.naver.com.yaya.web.id,141,成功 (内容已更新，已刷新缓存 via Playwright)
http://cache.netflix.com.yaya.web.id,141,成功 (内容已更新，已刷新缓存 via Playwright)
http://1id.kinamori.xyz,132,成功 (内容已更新，已刷新缓存 via Playwright)
http://support.zoom.us.1id.kinamori.xyz,132,成功 (内容已更新，已刷新缓存 via Playwright)
http://tikvpn.shop,130,成功 (内容已更新，已刷新缓存 via Playwright)
http://vpn.y7.hk,112,成功 (内容已更新，已刷新缓存 via Playwright)
http://mgynode.com,111,成功 (内容已更新，已刷新缓存 via Playwright)
http://vless.kensoko.my.id,107,成功 (内容已更新，已刷新缓存 via Playwright)
http://vless.mhmmddnl.my.id,103,成功 (内容已更新，已刷新缓存 via Playwright)
http://edu.ruangguru.com.vless.mhmmddnl.my.id,103,成功 (内容已更新，已刷新缓存 via Playwright)
http://investors.spotify.com.vless.mhmmddnl.my.id,103,成功 (内容已更新，已刷新缓存 via Playwright)
http://quiz.int.vidio.com.vless.mhmmddnl.my.id,103,成功 (内容已更新，已刷新缓存 via Playwright)
http://cache.netflix.com.vless.mhmmddnl.my.id,103,成功 (内容已更新，已刷新缓存 via Playwright)
https://zaintest.vuclip.com.vless.mhmmddnl.my.id,103,成功 (内容已更新，已刷新缓存 via Playwright)
http://ava.game.naver.com.vless.mhmmddnl.my.id,103,成功 (内容已更新，已刷新缓存 via Playwright)
https://support.zoom.us.vless.mhmmddnl.my.id,103,成功 (内容已更新，已刷新缓存 via Playwright)
https://artatrend.mydigify.app,96,成功 (内容已更新，已刷新缓存 via HTTP 回退)
http://artatrend.ir,96,成功 (内容已更新，已刷新缓存 via HTTP 回退)
http://v2ray-fwq.laoyoutiao.link,92,成功 (内容已更新，已刷新缓存 via Playwright)
http://zoom.us.fstores.web.id,87,成功 (内容已更新，已刷新缓存 via Playwright)
http://tes.com.fstores.web.id,87,成功 (内容已更新，已刷新缓存 via Playwright)
http://zoomcares.zoom.us.fsid.web.id,87,成功 (内容已更新，已刷新缓存 via Playwright)
http://quiz.int.vidio.com.fstores.web.id,87,成功 (内容已更新，已刷新缓存 via Playwright)
http://partner.zoom.us.fstores.web.id,87,成功 (内容已更新，已刷新缓存 via Playwright)
http://df.ava.game.naver.com.fstores.web.id,87,成功 (内容已更新，已刷新缓存 via Playwright)
http://quiz.staging.vidio.com.fsid.web.id,87,成功 (内容已更新，已刷新缓存 via Playwright)
http://ruangguru.com.fstores.web.id,87,成功 (内容已更新，已刷新缓存 via Playwright)
http://vidio.com.fstores.web.id,87,成功 (内容已更新，已刷新缓存 via Playwright)
http://staging.vidio.com.fstores.web.id,87,成功 (内容已更新，已刷新缓存 via Playwright)
http://id.fstores.web.id,87,成功 (内容已更新，已刷新缓存 via Playwright)
http://quiz.staging.vidio.com.fstores.web.id,87,成功 (内容已更新，已刷新缓存 via Playwright)
http://fstores.web.id,87,成功 (内容已更新，已刷新缓存 via Playwright)
http://fshop.web.id,87,成功 (内容已更新，已刷新缓存 via Playwright)
http://fsid.web.id,87,成功 (内容已更新，已刷新缓存 via Playwright)
http://quiz.int.vidio.com.fsid.web.id,87,成功 (内容已更新，已刷新缓存 via Playwright)
http://zoomgov.com.fsid.web.id,87,成功 (内容已更新，已刷新缓存 via Playwright)
http://partner.zoom.us.fsid.web.id,87,成功 (内容已更新，已刷新缓存 via Playwright)
http://help.zoom.us.fsid.web.id,87,成功 (内容已更新，已刷新缓存 via Playwright)
http://a.fstores.web.id,87,成功 (内容已更新，已刷新缓存 via Playwright)
http://io.ruangguru.com.fsid.web.id,87,成功 (内容已更新，已刷新缓存 via Playwright)
http://investor.fb.com.fstores.web.id,87,成功 (内容已更新，已刷新缓存 via Playwright)
http://blog.webex.com.fstores.web.id,87,成功 (内容已更新，已刷新缓存 via Playwright)
http://bimbel.ruangguru.com.fsid.web.id,87,成功 (内容已更新，已刷新缓存 via Playwright)
http://webex.com.fstores.web.id,87,成功 (内容已更新，已刷新缓存 via Playwright)
http://api.blibli.com.fstores.web.id,87,成功 (内容已更新，已刷新缓存 via Playwright)
http://gopay.co.id.fstores.web.id,87,成功 (内容已更新，已刷新缓存 via Playwright)
http://co.id.fstores.web.id,87,成功 (内容已更新，已刷新缓存 via Playwright)
http://app.gopay.co.id.fstores.web.id,87,成功 (内容已更新，已刷新缓存 via Playwright)
http://cf.shopee.co.id.sea-sw.swiftserve.com.fstores.web.id,87,成功 (内容已更新，已刷新缓存 via Playwright)
http://ava.game.naver.com.fstores.web.id,87,成功 (内容已更新，已刷新缓存 via Playwright)
http://fey.fshop.web.id,87,成功 (内容已更新，已刷新缓存 via Playwright)
http://io.ruangguru.com.fstores.web.id,87,成功 (内容已更新，已刷新缓存 via Playwright)
http://zaintest.vuclip.com.fstores.web.id,87,成功 (内容已更新，已刷新缓存 via Playwright)
http://cache.netflix.com.fstores.web.id,87,成功 (内容已更新，已刷新缓存 via Playwright)
http://quiz.vidio.com.fsid.web.id,87,成功 (内容已更新，已刷新缓存 via Playwright)
http://investors.spotify.com.fstores.web.id,87,成功 (内容已更新，已刷新缓存 via Playwright)
http://investor.fb.com.fsid.web.id,87,成功 (内容已更新，已刷新缓存 via Playwright)
http://fb.com.fstores.web.id,87,成功 (内容已更新，已刷新缓存 via Playwright)
http://quiz.vidio.com.fstores.web.id,87,成功 (内容已更新，已刷新缓存 via Playwright)
http://gomarketplacecontent-cf.zoom.us.fstores.web.id,87,成功 (内容已更新，已刷新缓存 via Playwright)
http://support.zoom.us.fstores.web.id,87,成功 (内容已更新，已刷新缓存 via Playwright)
http://int.vidio.com.fstores.web.id,87,成功 (内容已更新，已刷新缓存 via Playwright)
http://df.ava.game.naver.com.fsid.web.id,87,成功 (内容已更新，已刷新缓存 via Playwright)
http://zoomgov.com.fstores.web.id,87,成功 (内容已更新，已刷新缓存 via Playwright)
http://anu.fstores.web.id,87,成功 (内容已更新，已刷新缓存 via Playwright)
http://cdn.zoom.us.fsid.web.id,87,成功 (内容已更新，已刷新缓存 via Playwright)
http://naver.com.fstores.web.id,87,成功 (内容已更新，已刷新缓存 via Playwright)
http://us.fstores.web.id,87,成功 (内容已更新，已刷新缓存 via Playwright)
http://b.fstores.web.id,87,成功 (内容已更新，已刷新缓存 via Playwright)
http://ava.game.naver.com.fsid.web.id,87,成功 (内容已更新，已刷新缓存 via Playwright)
http://netflix.com.fstores.web.id,87,成功 (内容已更新，已刷新缓存 via Playwright)
http://sub.fstore.live,87,成功 (内容已更新，已刷新缓存 via Playwright)
http://bimbel.ruangguru.com.fstores.web.id,87,成功 (内容已更新，已刷新缓存 via Playwright)
http://game.naver.com.fstores.web.id,87,成功 (内容已更新，已刷新缓存 via Playwright)
http://as.com.fstores.web.id,87,成功 (内容已更新，已刷新缓存 via Playwright)
http://zaintest.vuclip.com.fsid.web.id,87,成功 (内容已更新，已刷新缓存 via Playwright)
http://ab.com.fstores.web.id,87,成功 (内容已更新，已刷新缓存 via Playwright)
http://vuclip.com.fstores.web.id,87,成功 (内容已更新，已刷新缓存 via Playwright)
http://npca.netflix.com.fstores.web.id,87,成功 (内容已更新，已刷新缓存 via Playwright)
http://com.fstores.web.id,87,成功 (内容已更新，已刷新缓存 via Playwright)
http://cache.netflix.com.fsid.web.id,87,成功 (内容已更新，已刷新缓存 via Playwright)
http://vip.boy-vpn.my.id,85,成功 (内容已更新，已刷新缓存 via Playwright)
http://v2ray-yx.laoyoutiao.link,84,成功 (内容已更新，已刷新缓存 via Playwright)
http://id.server7.xyz,80,成功 (内容已更新，已刷新缓存 via Playwright)
http://sidepath.ir,80,成功 (内容已更新，已刷新缓存 via Playwright)
http://support.zoom.us.sgjp.asolole.biz.id,78,成功 (内容已更新，已刷新缓存 via Playwright)
http://sgjp.asolole.biz.id,78,成功 (内容已更新，已刷新缓存 via Playwright)
http://sidepathteam.ir,77,成功 (内容已更新，已刷新缓存 via Playwright)
http://side.sidepath.ir,77,成功 (内容已更新，已刷新缓存 via Playwright)
http://blog.saofan.top,67,成功 (内容已更新，已刷新缓存 via Playwright)
http://bk.saofan.top,67,成功 (内容已更新，已刷新缓存 via Playwright)
http://mamad.devefun.tech,61,成功 (内容已更新，已刷新缓存 via Playwright)
http://x1-spian-linode-v2-7xk23.devefun.org,61,成功 (内容已更新，已刷新缓存 via Playwright)
http://x7-england-amazon-v2-j0t4m.devefun.org,61,成功 (内容已更新，已刷新缓存 via Playwright)
http://x1-germany-linode-v2-jk001.devefun.org,61,成功 (内容已更新，已刷新缓存 via Playwright)
http://x2-england-amazon-v2.devefun.org,61,成功 (内容已更新，已刷新缓存 via Playwright)
http://x1-japan-amazon-v2.devefun.org,61,成功 (内容已更新，已刷新缓存 via Playwright)
http://x4-germany-ionos-v2-k4ap5.devefun.org,61,成功 (内容已更新，已刷新缓存 via Playwright)
http://x5-france-scaleway-v2.devefun.org,61,成功 (内容已更新，已刷新缓存 via Playwright)
http://x6-england-amazon-v2-3s677.devefun.org,61,成功 (内容已更新，已刷新缓存 via Playwright)
http://x1-ireland-amazon-v2.devefun.cloud,61,成功 (内容已更新，已刷新缓存 via Playwright)
http://x4-france-scaleway-v2.devefun.cloud,61,成功 (内容已更新，已刷新缓存 via Playwright)
http://x1-france-linode-v2-m899o.devefun.org,61,成功 (内容已更新，已刷新缓存 via Playwright)
http://x2-england-amazon-v2.devefun.cloud,61,成功 (内容已更新，已刷新缓存 via Playwright)
http://x1-france-scaleway-v2.devefun.org,61,成功 (内容已更新，已刷新缓存 via Playwright)
http://x1-usa-linode-v2-99z1f.devefun.org,61,成功 (内容已更新，已刷新缓存 via Playwright)
http://x1-france-scaleway-v2.devefun.cloud,61,成功 (内容已更新，已刷新缓存 via Playwright)
http://x1-ireland-amazon-v2.devefun.org,61,成功 (内容已更新，已刷新缓存 via Playwright)
http://x3-france-scaleway-v2.devefun.cloud,61,成功 (内容已更新，已刷新缓存 via Playwright)
http://x8-england-amazon-v2-uq8p8.devefun.org,61,成功 (内容已更新，已刷新缓存 via Playwright)
http://x5-sweden-amazon-v2-34z0x.devefun.org,61,成功 (内容已更新，已刷新缓存 via Playwright)
http://x6-canada-amazon-v2-bzsn4.devefun.org,61,成功 (内容已更新，已刷新缓存 via Playwright)
http://x5-germany-amazon-v2-tw4od.devefun.org,61,成功 (内容已更新，已刷新缓存 via Playwright)
http://x4-france-scaleway-v2.devefun.org,61,成功 (内容已更新，已刷新缓存 via Playwright)
http://x1-england-amazon-v2.devefun.org,61,成功 (内容已更新，已刷新缓存 via Playwright)
http://x2-france-scaleway-v2.devefun.org,61,成功 (内容已更新，已刷新缓存 via Playwright)
http://x5-france-scaleway-v2.devefun.cloud,61,成功 (内容已更新，已刷新缓存 via Playwright)
http://x1-italy-linode-v2-au5kx.devefun.org,61,成功 (内容已更新，已刷新缓存 via Playwright)
http://x1-japan-linode-v2-pwlzp.devefun.org,61,成功 (内容已更新，已刷新缓存 via Playwright)
http://x2-japan-amazon-v2.devefun.tech,61,成功 (内容已更新，已刷新缓存 via Playwright)
http://x1-canada-linode-v2-fl879.devefun.org,61,成功 (内容已更新，已刷新缓存 via Playwright)
http://x1-england-amazon-v2.devefun.cloud,61,成功 (内容已更新，已刷新缓存 via Playwright)
http://x2-france-scaleway-v2.devefun.cloud,61,成功 (内容已更新，已刷新缓存 via Playwright)
http://x4-spain-clouding-v2-9425l.devefun.org,61,成功 (内容已更新，已刷新缓存 via Playwright)
http://x2-japan-amazon-v2.devefun.org,61,成功 (内容已更新，已刷新缓存 via Playwright)
http://x3-france-scaleway-v2.devefun.org,61,成功 (内容已更新，已刷新缓存 via Playwright)
http://x2-ireland-amazon-v2.devefun.cloud,61,成功 (内容已更新，已刷新缓存 via Playwright)
http://x5-usa-amazon-v2-p1sqx.devefun.org,61,成功 (内容已更新，已刷新缓存 via Playwright)
http://x5-canada-amazon-v2-21qsg.devefun.org,61,成功 (内容已更新，已刷新缓存 via Playwright)
http://x1-japan-amazon-v2.devefun.cloud,61,成功 (内容已更新，已刷新缓存 via Playwright)
http://x2-ireland-amazon-v2.devefun.org,61,成功 (内容已更新，已刷新缓存 via Playwright)
http://x1-amsterdam-linode-v2-9oqj5.devefun.org,61,成功 (内容已更新，已刷新缓存 via Playwright)
http://x2-japan-amazon-v2.devefun.cloud,61,成功 (内容已更新，已刷新缓存 via Playwright)
http://x8-germany-amazon-v2-rug6e.devefun.org,61,成功 (内容已更新，已刷新缓存 via Playwright)
http://x1-sweden-linode-v2-71u92.devefun.org,61,成功 (内容已更新，已刷新缓存 via Playwright)
http://x1-england-linode-v2-56k2k.devefun.org,61,成功 (内容已更新，已刷新缓存 via Playwright)
http://free.lalash.ir,52,成功 (内容已更新，已刷新缓存 via Playwright)
http://sergionator.duckdns.org,51,成功 (内容已更新，已刷新缓存 via Playwright)
http://oneplus-10pro.sergionator.duckdns.org,51,成功 (内容已更新，已刷新缓存 via Playwright)
http://itdog.info,51,成功 (内容已更新，已刷新缓存 via Playwright)
http://services.truphone.com.requmen.com,50,成功 (内容已更新，已刷新缓存 via Playwright)
http://tims.turkcell.requmen.com,50,成功 (内容已更新，已刷新缓存 via Playwright)
http://c.552298.xyz,50,成功 (内容已更新，已刷新缓存 via Playwright)
http://t.13112221.xyz,50,成功 (内容已更新，已刷新缓存 via Playwright)
http://o.552298.xyz,50,成功 (内容已更新，已刷新缓存 via Playwright)
http://e.552298.xyz,50,成功 (内容已更新，已刷新缓存 via Playwright)
http://a.552298.xyz,50,成功 (内容已更新，已刷新缓存 via Playwright)
http://d.552298.xyz,50,成功 (内容已更新，已刷新缓存 via Playwright)
http://archlinux-desktop.sergionator.duckdns.org,50,成功 (内容已更新，已刷新缓存 via HTTP 回退)
http://v2testelm.lmhost.online,49,成功 (内容已更新，已刷新缓存 via Playwright)
http://privasi.cloudproxyip.my.id,49,成功 (内容已更新，已刷新缓存 via Playwright)
http://privasi.najah.biz.id,49,成功 (内容已更新，已刷新缓存 via Playwright)
http://privasi.ndeso.web.id,49,成功 (内容已更新，已刷新缓存 via Playwright)
http://privasi.turah.my.id,49,成功 (内容已更新，已刷新缓存 via Playwright)
http://privasi.ndeso.xyz,49,成功 (内容已更新，已刷新缓存 via Playwright)
http://prod-test.jdevcloud.com,48,成功 (内容已更新，已刷新缓存 via Playwright)
http://c-bnn.xyz,47,成功 (内容已更新，已刷新缓存 via Playwright)
http://cfvless.zerostore.web.id,46,成功 (内容已更新，已刷新缓存 via Playwright)
http://qq.imbmw.com,44,成功 (内容已更新，已刷新缓存 via Playwright)
http://ubtvpn.ru,42,成功 (内容已更新，已刷新缓存 via Playwright)
http://v2ray-gd.laoyoutiao.link,40,成功 (内容已更新，已刷新缓存 via Playwright)
http://sublink.biseda2.eu,38,成功 (内容已更新，已刷新缓存 via Playwright)
http://opennet-general.sub.tofak.com,36,成功 (内容已更新，已刷新缓存 via Playwright)
http://sirius.f2p.ms,36,成功 (内容已更新，已刷新缓存 via Playwright)
http://support.zoom.us.vipren.biz.id,32,成功 (内容已更新，已刷新缓存 via Playwright)
http://vipren.biz.id,32,成功 (内容已更新，已刷新缓存 via Playwright)
http://ava.game.naver.com.vipren.biz.id,32,成功 (内容已更新，已刷新缓存 via Playwright)
http://yangshuo.xjp4.io,30,成功 (内容已更新，已刷新缓存 via Playwright)
http://novantunnel.life,30,成功 (内容已更新，已刷新缓存 via Playwright)
http://vpn.tunnelz.me,30,成功 (内容已更新，已刷新缓存 via Playwright)
http://tunnelz.me,30,成功 (内容已更新，已刷新缓存 via Playwright)
http://vpnvvip.web.id,30,成功 (内容已更新，已刷新缓存 via Playwright)
http://v2.lqiang.link,28,成功 (内容已更新，已刷新缓存 via Playwright)
http://qlkv.jzhou.filegear-sg.me,26,成功 (内容已更新，已刷新缓存 via Playwright)
http://qlwk.vorry.filegear-sg.me,26,成功 (内容已更新，已刷新缓存 via Playwright)
http://qvsl.vorry.filegear-sg.me,26,成功 (内容已更新，已刷新缓存 via Playwright)
http://aling.yink.ddns-ip.net,26,成功 (内容已更新，已刷新缓存 via Playwright)
http://sub.pro-brain.com,26,成功 (内容已更新，已刷新缓存 via Playwright)
http://cg.519530.xyz,26,成功 (内容已更新，已刷新缓存 via Playwright)
http://lz.juanai.cc,26,成功 (内容已更新，已刷新缓存 via Playwright)
http://go.kingking.eu.org,26,成功 (内容已更新，已刷新缓存 via Playwright)
http://chromego.kingking.eu.org,26,成功 (内容已更新，已刷新缓存 via Playwright)
http://nfs.microeco.net,26,成功 (内容已更新，已刷新缓存 via Playwright)
http://chromego.2018k.top,26,成功 (内容已更新，已刷新缓存 via Playwright)
http://02.markhe.cloudns.biz,26,成功 (内容已更新，已刷新缓存 via Playwright)
http://chromego.cssg.eu.org,26,成功 (内容已更新，已刷新缓存 via Playwright)
http://chromegohuoqu.jfgj775.workers.dev.cyl.cloudns.org,26,成功 (内容已更新，已刷新缓存 via Playwright)
http://5.68859609.nyc.mn,26,成功 (内容已更新，已刷新缓存 via Playwright)
http://weiss2.jiekes.one,26,成功 (内容已更新，已刷新缓存 via Playwright)
http://chromego.19880411.xyz,26,成功 (内容已更新，已刷新缓存 via Playwright)
http://chromego.qiche.eu.org,26,成功 (内容已更新，已刷新缓存 via Playwright)
http://go.minaminanami.eu.org,26,成功 (内容已更新，已刷新缓存 via Playwright)
http://clash.pikju.top,26,成功 (内容已更新，已刷新缓存 via Playwright)
http://go.20121020.xyz,26,成功 (内容已更新，已刷新缓存 via Playwright)
http://go1.z5151.cloudns.biz,26,成功 (内容已更新，已刷新缓存 via Playwright)
http://chromego.tink.eu.org,26,成功 (内容已更新，已刷新缓存 via Playwright)
http://851203.cxtz-001.top,26,成功 (内容已更新，已刷新缓存 via Playwright)
http://go.maovps.eu.org,26,成功 (内容已更新，已刷新缓存 via Playwright)
http://chgo.131412.ren,26,成功 (内容已更新，已刷新缓存 via Playwright)
http://dd.uoidxj.eu.org,26,成功 (内容已更新，已刷新缓存 via Playwright)
http://chormego.cfvps.pp.ua,26,成功 (内容已更新，已刷新缓存 via Playwright)
http://chromego.ntbowen.pp.ua,26,成功 (内容已更新，已刷新缓存 via Playwright)
http://xbkj.akao.us.kg,26,成功 (内容已更新，已刷新缓存 via Playwright)
http://jd.isoho168.top,26,成功 (内容已更新，已刷新缓存 via Playwright)
http://on.590.wiki,26,成功 (内容已更新，已刷新缓存 via Playwright)
http://0607.kevinbai.top,26,成功 (内容已更新，已刷新缓存 via Playwright)
http://chromego.858666.xyz,26,成功 (内容已更新，已刷新缓存 via Playwright)
http://zzz.zywn.cloudns.org,26,成功 (内容已更新，已刷新缓存 via Playwright)
http://gg.2fly.eu.org,26,成功 (内容已更新，已刷新缓存 via Playwright)
http://warp.axder.cn,26,成功 (内容已更新，已刷新缓存 via Playwright)
http://xiaobai.nsfwstl.cn,26,成功 (内容已更新，已刷新缓存 via Playwright)
http://go.970097.xyz,26,成功 (内容已更新，已刷新缓存 via Playwright)
http://net.032041.xyz,25,成功 (内容已更新，已刷新缓存 via Playwright)
https://autodiscover.kiarant.ru,24,成功 (内容已更新，已刷新缓存 via Playwright)
https://mail.kiarant.ru,24,成功 (内容已更新，已刷新缓存 via Playwright)
https://kiarant.ru,24,成功 (内容已更新，已刷新缓存 via Playwright)
http://xvpn.raynet.my.id,23,成功 (内容已更新，已刷新缓存 via Playwright)
http://support.zoom.us.xvpn.raynet.my.id,23,成功 (内容已更新，已刷新缓存 via Playwright)
http://zaintest.vuclip.com.xvpn.raynet.my.id,23,成功 (内容已更新，已刷新缓存 via Playwright)
http://quiz.int.vidio.com.id1.qerleng.my.id,20,成功 (内容已更新，已刷新缓存 via Playwright)
http://ava.game.naver.com.id1.qerleng.my.id,20,成功 (内容已更新，已刷新缓存 via Playwright)
http://id1.qerleng.my.id,20,成功 (内容已更新，已刷新缓存 via Playwright)
http://767666.xyz,19,成功 (内容已更新，已刷新缓存 via Playwright)
http://walawe-68f.pages.dev,18,成功 (内容已更新，已刷新缓存 via Playwright)
http://vahid.ishijar.com,17,成功 (内容已更新，已刷新缓存 via Playwright)
http://sub.custom-sir.eu.org,16,成功 (内容已更新，已刷新缓存 via Playwright)
http://bluehat358.web.id,16,成功 (内容已更新，已刷新缓存 via Playwright)
http://p02--mysite--zvxy997wc5ql.code.run,16,成功 (内容已更新，已刷新缓存 via Playwright)
http://p03.xiaohezi.it.eu.org,16,成功 (内容已更新，已刷新缓存 via Playwright)
http://telebotking.ggff.net,16,成功 (内容已更新，已刷新缓存 via Playwright)
http://render.okkkk.tk,15,成功 (内容已更新，已刷新缓存 via Playwright)
http://m.n4key.xyz,15,成功 (内容已更新，已刷新缓存 via Playwright)
http://tes.nextz.my.id,15,成功 (内容已更新，已刷新缓存 via Playwright)
http://ttt.kaychen.cn,15,成功 (内容已更新，已刷新缓存 via Playwright)
http://subs.cryptoyee.com,14,成功 (内容已更新，已刷新缓存 via Playwright)
http://sub.bmaker.cn,14,成功 (内容已更新，已刷新缓存 via Playwright)
http://sub.xjp4.io,14,成功 (内容已更新，已刷新缓存 via Playwright)
http://subs.liaoxy.top,14,成功 (内容已更新，已刷新缓存 via Playwright)
http://blog.internetacc.live,14,成功 (内容已更新，已刷新缓存 via Playwright)
http://ava.game.naver.com.xsm.web.id,12,成功 (内容已更新，已刷新缓存 via Playwright)
http://xsm.web.id,12,成功 (内容已更新，已刷新缓存 via Playwright)
http://maginajoker.top,12,成功 (内容已更新，已刷新缓存 via Playwright)
http://akun.alphawave.web.id,12,成功 (内容已更新，已刷新缓存 via Playwright)
http://jdzh.justn.nyc.mn,11,成功 (内容已更新，已刷新缓存 via Playwright)
http://mixdiy.com,10,成功 (内容已更新，已刷新缓存 via Playwright)
http://app.symmetricnet.com,10,成功 (内容已更新，已刷新缓存 via HTTP 回退)
http://linkjadid.top,10,成功 (内容已更新，已刷新缓存 via Playwright)
http://vless.cillnet.my.id,9,成功 (内容已更新，已刷新缓存 via Playwright)
http://blog.webex.com.cillnet.my.id,9,成功 (内容已更新，已刷新缓存 via Playwright)
http://cache.netflix.com.cillnet.my.id,9,成功 (内容已更新，已刷新缓存 via Playwright)
http://quiz.int.vidio.com.cillnet.web.id,9,成功 (内容已更新，已刷新缓存 via Playwright)
http://ava.game.naver.com.cillnet.web.id,9,成功 (内容已更新，已刷新缓存 via Playwright)
http://zaintest.vuclip.com.cillnet.web.id,9,成功 (内容已更新，已刷新缓存 via Playwright)
http://s.udemycdn.com.cillnet.web.id,9,成功 (内容已更新，已刷新缓存 via Playwright)
http://live.iflix.com.cillnet.web.id,9,成功 (内容已更新，已刷新缓存 via Playwright)
http://zaintest.vuclip.com.cillnet.my.id,9,成功 (内容已更新，已刷新缓存 via Playwright)
http://ava.game.naver.com.cillnet.my.id,9,成功 (内容已更新，已刷新缓存 via Playwright)
http://investor.fb.com.cillnet.web.id,9,成功 (内容已更新，已刷新缓存 via Playwright)
http://cache.netflix.com.web.bmkg.xyz,9,成功 (内容已更新，已刷新缓存 via Playwright)
http://support.zoom.us.web.bmkg.xyz,9,成功 (内容已更新，已刷新缓存 via Playwright)
http://investors.spotify.com.freevpn.bmkg.xyz,9,成功 (内容已更新，已刷新缓存 via Playwright)
http://zaintest.vuclip.com.freevpn.bmkg.xyz,9,成功 (内容已更新，已刷新缓存 via Playwright)
http://quiz.int.vidio.com.freevpn.bmkg.xyz,9,成功 (内容已更新，已刷新缓存 via Playwright)
http://quiz.int.vidio.com.web.bmkg.xyz,9,成功 (内容已更新，已刷新缓存 via Playwright)
http://live.iflix.com.web.bmkg.xyz,9,成功 (内容已更新，已刷新缓存 via Playwright)
http://freexxx.bmkg.xyz,9,成功 (内容已更新，已刷新缓存 via Playwright)
http://zaintest.vuclip.com.web.bmkg.xyz,9,成功 (内容已更新，已刷新缓存 via Playwright)
http://support.zoom.us.freevpn.bmkg.xyz,9,成功 (内容已更新，已刷新缓存 via Playwright)
http://blog.webex.com.web.bmkg.xyz,9,成功 (内容已更新，已刷新缓存 via Playwright)
http://investors.spotify.com.web.bmkg.xyz,9,成功 (内容已更新，已刷新缓存 via Playwright)
http://ads.ruangguru.com.web.bmkg.xyz,9,成功 (内容已更新，已刷新缓存 via Playwright)
http://blog.webex.com.freexxx.bmkg.xyz,9,成功 (内容已更新，已刷新缓存 via Playwright)
http://web.bmkg.xyz,9,成功 (内容已更新，已刷新缓存 via Playwright)
http://investor.fb.com.web.bmkg.xyz,9,成功 (内容已更新，已刷新缓存 via Playwright)
http://ava.game.naver.com.web.bmkg.xyz,9,成功 (内容已更新，已刷新缓存 via Playwright)
http://freevpn.bmkg.xyz,9,成功 (内容已更新，已刷新缓存 via Playwright)
http://io.ruangguru.com.freevpn.bmkg.xyz,9,成功 (内容已更新，已刷新缓存 via Playwright)
http://io.ruangguru.com.freexxx.bmkg.xyz,9,成功 (内容已更新，已刷新缓存 via Playwright)
http://live.iflix.com.freevpn.bmkg.xyz,9,成功 (内容已更新，已刷新缓存 via Playwright)
http://api.midtrans.com.web.bmkg.xyz,9,成功 (内容已更新，已刷新缓存 via Playwright)
http://io.ruangguru.com.web.bmkg.xyz,9,成功 (内容已更新，已刷新缓存 via Playwright)
http://cache.netflix.com.freevpn.bmkg.xyz,9,成功 (内容已更新，已刷新缓存 via Playwright)
http://api.midtrans.com.freexxx.bmkg.xyz,9,成功 (内容已更新，已刷新缓存 via Playwright)
http://x.xjp4.io,9,成功 (内容已更新，已刷新缓存 via Playwright)
http://privasi.bmkg.xyz,9,成功 (内容已更新，已刷新缓存 via Playwright)
http://vts.selo.biz.id,9,成功 (内容已更新，已刷新缓存 via Playwright)
http://vibeacon.onezapp.com.vts.selo.biz.id,9,成功 (内容已更新，已刷新缓存 via Playwright)
http://rename.yomoh.ggff.net,9,成功 (内容已更新，已刷新缓存 via Playwright)
http://df.game.naver.com.jfu.hanatabata.xyz,7,成功 (内容已更新，已刷新缓存 via Playwright)
http://jfu.hanatabata.xyz,7,成功 (内容已更新，已刷新缓存 via Playwright)
http://quiz.int.vidio.com.jfu.hanatabata.xyz,7,成功 (内容已更新，已刷新缓存 via Playwright)
http://api.midtrans.com.aink.workerz.site,7,成功 (内容已更新，已刷新缓存 via Playwright)
http://aink.workerz.site,7,成功 (内容已更新，已刷新缓存 via Playwright)
http://investors.spotify.com.aink.workerz.site,7,成功 (内容已更新，已刷新缓存 via Playwright)
http://zaintest.vuclip.com.aink.workerz.site,7,成功 (内容已更新，已刷新缓存 via Playwright)
http://vip.kholilah.xyz,7,成功 (内容已更新，已刷新缓存 via Playwright)
http://vidio.com.isidomain.web.id,6,成功 (内容已更新，已刷新缓存 via Playwright)
http://b.isidomain.web.id,6,成功 (内容已更新，已刷新缓存 via Playwright)
http://fq.lqiang.link,6,成功 (内容已更新，已刷新缓存 via Playwright)
http://list.988978.xyz,6,成功 (内容已更新，已刷新缓存 via Playwright)
http://v2rayng.lk1337.top,6,成功 (内容已更新，已刷新缓存 via Playwright)
http://goclash.topmarco.tech,4,成功 (内容已更新，已刷新缓存 via HTTP 回退)
http://userdownload.pages.dev,4,成功 (内容已更新，已刷新缓存 via Playwright)
http://gfw.jingpengkun.com,4,成功 (内容已更新，已刷新缓存 via Playwright)
http://01h.mooo.com,4,成功 (内容已更新，已刷新缓存 via Playwright)
http://site.panwd.cloudns.org,4,成功 (内容已更新，已刷新缓存 via Playwright)
http://v2sub.msdos6dot9.top,4,成功 (内容已更新，已刷新缓存 via Playwright)
http://fdfsdf.ghavi8.ir,4,成功 (内容已更新，已刷新缓存 via Playwright)
http://quicksafevpn.ru,4,成功 (内容已更新，已刷新缓存 via HTTP 回退)
http://myv2ray.hasifjalil.my,4,成功 (内容已更新，已刷新缓存 via Playwright)
http://esi1.ghavi8.ir,4,成功 (内容已更新，已刷新缓存 via Playwright)
https://maxvpn-reload.ru,4,成功 (内容已更新，已刷新缓存 via HTTP 回退)
http://aioweb.nmira.biz.id,3,成功 (内容已更新，已刷新缓存 via Playwright)
http://s1.ridzx08.me,3,成功 (内容已更新，已刷新缓存 via Playwright)
http://quiz.int.vidio.com.agprtm.my.id,3,成功 (内容已更新，已刷新缓存 via Playwright)
http://akun.agprtm.my.id,3,成功 (内容已更新，已刷新缓存 via Playwright)
http://1209960.xyz,3,成功 (内容已更新，已刷新缓存 via Playwright)
http://vless.imamsuyad.me,3,成功 (内容已更新，已刷新缓存 via Playwright)
http://multi.swdstore.xyz,2,成功 (内容已更新，已刷新缓存 via Playwright)
http://support.zoom.us.multi.swdstore.xyz,2,成功 (内容已更新，已刷新缓存 via Playwright)
http://quiz.int.vidio.com.multi.swdstore.xyz,2,成功 (内容已更新，已刷新缓存 via Playwright)
http://df.game.naver.com.multi.swdstore.xyz,2,成功 (内容已更新，已刷新缓存 via Playwright)
http://zaintest.vuclip.com.multi.swdstore.xyz,2,成功 (内容已更新，已刷新缓存 via Playwright)
http://vpn.chaprashid.com,2,成功 (内容已更新，已刷新缓存 via Playwright)
http://argo.juju.nyc.mn,2,成功 (内容已更新，已刷新缓存 via Playwright)
http://ezzit.baikeog.com,2,成功 (内容已更新，已刷新缓存 via Playwright)
http://ali.digipul.ir,2,成功 (内容已更新，已刷新缓存 via Playwright)
http://worker.sacreations.live,2,成功 (内容已更新，已刷新缓存 via Playwright)
http://sub.xiniah.top,1,成功 (内容已更新，已刷新缓存 via Playwright)
http://warpym.irss.eu.org,1,成功 (内容已更新，已刷新缓存 via Playwright)
http://warpip.irss.eu.org,1,成功 (内容已更新，已刷新缓存 via Playwright)
http://zoomgov.but.xsmnet.buzz,0,失败 (HTTP 回退)
http://live.iflix.com.but.xsmnet.buzz,0,失败 (HTTP 回退)
http://support.zoom.us.but.xsmnet.buzz,0,失败 (HTTP 回退)
http://chat.sociomile.com.but.xsmnet.buzz,0,失败 (HTTP 回退)
http://quiz.vidio.com.but.xsmnet.buzz,0,失败 (HTTP 回退)
http://cache.netflix.com.but.xsmnet.buzz,0,失败 (HTTP 回退)
http://account-gopay.midtrans.com.but.xsmnet.buzz,0,失败 (HTTP 回退)
http://investor.fb.com.but.xsmnet.buzz,0,失败 (HTTP 回退)
http://app.gopay.co.id.but.xsmnet.buzz,0,失败 (HTTP 回退)
http://zaintest.vuclip.com.but.xsmnet.buzz,0,失败 (HTTP 回退)
http://but.xsmnet.buzz,0,失败 (HTTP 回退)
http://app.midtrans.com.but.xsmnet.buzz,0,失败 (HTTP 回退)
http://app.gopay.co.id.multi.xsmnet.buzz,0,失败 (HTTP 回退)
http://multi.xsmnet.buzz,0,失败 (HTTP 回退)
http://support.zoom.us.multi.xsmnet.buzz,0,失败 (HTTP 回退)
http://bakrie.ac.id.multi.xsmnet.buzz,0,失败 (HTTP 回退)
http://io.ruangguru.com.multi.xsmnet.buzz,0,失败 (HTTP 回退)
http://app.midtrans.com.multi.xsmnet.buzz,0,失败 (HTTP 回退)
http://investors.spotify.com.multi.xsmnet.buzz,0,失败 (HTTP 回退)
http://clash-gpt.laoyoutiao.link,0,成功 (内容已更新，已刷新缓存 via Playwright)
http://clash-ym.laoyoutiao.link,0,成功 (内容已更新，已刷新缓存 via Playwright)
http://x1-poland-aruba-v2.devefun.org,0,失败 (HTTP 回退)
http://x2-sweden-amazon-v2.devefun.org,0,失败 (HTTP 回退)
http://sajjad.devefun.org,0,失败 (HTTP 回退)
http://x2-italy-aruba-v2.devefun.org,0,失败 (HTTP 回退)
http://x1-usa-amazon-v2.devefun.org,0,失败 (HTTP 回退)
http://x1-germany-aruba-v2.devefun.org,0,失败 (HTTP 回退)
http://x1-sweden-amazon-v2.devefun.cloud,0,失败 (HTTP 回退)
http://afi.devefun.org,0,失败 (HTTP 回退)
http://x1-germany-digitalocean-v2.devefun.cloud,0,失败 (HTTP 回退)
http://x2-germany-amazon-v2.devefun.org,0,失败 (HTTP 回退)
http://x2-poland-scaleway-v2-bvvgo.devefun.org,0,失败 (HTTP 回退)
http://x3-spain-clouding-v2-200dh.devefun.org,0,失败 (HTTP 回退)
http://x2-sweden-amazon-v2.devefun.cloud,0,失败 (HTTP 回退)
http://x1-france-aruba-v2.devefun.org,0,失败 (HTTP 回退)
http://x1-france-scaleway-v2-399j2.devefun.org,0,失败 (HTTP 回退)
http://x2-sweden-amazon-v2.devefun.tech,0,失败 (HTTP 回退)
http://x3-poland-scaleway-v2-i589x.devefun.org,0,失败 (HTTP 回退)
http://x1-england-aruba-v2.devefun.org,0,失败 (HTTP 回退)
http://x1-germany-digitalocean-v2.devefun.org,0,失败 (HTTP 回退)
http://x1-czech-aruba-v2.devefun.org,0,失败 (HTTP 回退)
http://x2-germany-amazon-v2.devefun.tech,0,失败 (HTTP 回退)
http://x1-sweden-amazon-v2.devefun.org,0,失败 (HTTP 回退)
http://x1-germany-amazon-v2.devefun.cloud,0,失败 (HTTP 回退)
http://x2-germany-amazon-v2.devefun.cloud,0,失败 (HTTP 回退)
http://x1-usa-digitalocean-v2.devefun.org,0,失败 (HTTP 回退)
http://x12-amsterdam-scaleway-v2-30w5b.devefun.org,0,失败 (HTTP 回退)
http://x1-italy-aruba-v2.devefun.org,0,失败 (HTTP 回退)
http://x2-france-scaleway-v2-0q16l.devefun.org,0,失败 (HTTP 回退)
http://x2-usa-amazon-v2.devefun.org,0,失败 (HTTP 回退)
http://x1-usa-digitalocean-v2.devefun.cloud,0,失败 (HTTP 回退)
http://x2-usa-amazon-v2.devefun.cloud,0,失败 (HTTP 回退)
http://x1-germany-amazon-v2.devefun.org,0,失败 (HTTP 回退)
http://x3-france-scaleway-v2-ss3mk.devefun.org,0,失败 (HTTP 回退)
http://clash-fwq.laoyoutiao.link,0,成功 (内容已更新，已刷新缓存 via Playwright)
http://clash-yx.laoyoutiao.link,0,成功 (内容已更新，已刷新缓存 via Playwright)
http://clash-gd.laoyoutiao.link,0,成功 (内容已更新，已刷新缓存 via Playwright)
http://robolapki.ru,0,成功 (内容已更新，已刷新缓存 via Playwright)
http://hid.gexoty.com,0,失败 (HTTP 回退)
http://clash.zyttbywy.xyz,0,成功 (内容已更新，已刷新缓存 via HTTP 回退)
http://freenode.datasets.cc,0,成功 (内容已更新，已刷新缓存 via Playwright)
http://u.789156.xyz,0,成功 (内容已更新，已刷新缓存 via Playwright)
